{
  "properties": {
    "connectionReferences": {
      "shared_commondataserviceforapps": {
        "runtimeSource": "embedded",
        "connection": {
          "connectionReferenceLogicalName": "new_sharedcommondataserviceforapps_eb50c"
        },
        "api": {
          "name": "shared_commondataserviceforapps"
        }
      },
      "shared_sendmail": {
        "runtimeSource": "embedded",
        "connection": {
          "connectionReferenceLogicalName": "new_sharedsendmail_f0999"
        },
        "api": {
          "name": "shared_sendmail"
        }
      }
    },
    "definition": {
      "$schema": "https://schema.management.azure.com/providers/Microsoft.Logic/schemas/2016-06-01/workflowdefinition.json#",
      "contentVersion": "1.0.0.0",
      "parameters": {
        "$connections": {
          "defaultValue": {},
          "type": "Object"
        },
        "$authentication": {
          "defaultValue": {},
          "type": "SecureObject"
        }
      },
      "triggers": {
        "Recurrence": {
          "recurrence": {
            "frequency": "Week",
            "interval": 1,
            "startTime": "2024-11-24T04:30:00Z",
            "schedule": {
              "weekDays": [
                "Sunday",
                "Monday",
                "Tuesday",
                "Wednesday",
                "Thursday",
                "Friday",
                "Saturday"
              ]
            }
          },
          "metadata": {
            "operationMetadataId": "dd1ca030-e3ef-4f2b-ad4c-3286bf578423"
          },
          "type": "Recurrence"
        }
      },
      "actions": {
        "Initialize_variable": {
          "runAfter": {},
          "metadata": {
            "operationMetadataId": "ae5a1923-2f99-463d-9d01-0dd754f13c67"
          },
          "type": "InitializeVariable",
          "inputs": {
            "variables": [
              {
                "name": "Yesterday",
                "type": "string",
                "value": "@{formatDateTime(addDays(utcNow(), -1), 'yyyy-MM-dd')}"
              }
            ]
          }
        },
        "List_rows": {
          "runAfter": {
            "Initialize_variable": [
              "Succeeded"
            ]
          },
          "metadata": {
            "operationMetadataId": "4944686b-ad56-4fef-be7b-e0279b925f92"
          },
          "type": "OpenApiConnection",
          "inputs": {
            "host": {
              "connectionName": "shared_commondataserviceforapps",
              "operationId": "ListRecords",
              "apiId": "/providers/Microsoft.PowerApps/apis/shared_commondataserviceforapps"
            },
            "parameters": {
              "entityName": "new_orderregisters",
              "$filter": "createdon ge @{variables('Yesterday')}' and createdon lt 'Today'"
            },
            "authentication": "@parameters('$authentication')"
          }
        },
        "Select": {
          "runAfter": {
            "List_rows": [
              "Succeeded"
            ]
          },
          "metadata": {
            "operationMetadataId": "350c43ee-2b5e-4d50-99fb-ca89de5ae0e4"
          },
          "type": "Select",
          "inputs": {
            "from": "@outputs('List_rows')?['body/value']",
            "select": {
              "Name": "@item()?['new_customername']",
              "Email": "@item()?['_new_contact_value@Microsoft.Dynamics.CRM.lookuplogicalname']",
              "status": "@item()?['new_orderstatus']",
              "Amount": "@item()?['new_amount']"
            }
          }
        },
        "Create_HTML_table": {
          "runAfter": {
            "Select": [
              "Succeeded"
            ]
          },
          "metadata": {
            "operationMetadataId": "b408c306-84ad-4a29-9182-7c71c8e69c07"
          },
          "type": "Table",
          "inputs": {
            "from": "@body('Select')",
            "format": "HTML"
          }
        },
        "Table_Style": {
          "runAfter": {
            "Create_HTML_table": [
              "Succeeded"
            ]
          },
          "metadata": {
            "operationMetadataId": "9c8442cd-030f-4af9-850d-7f996cba9efa"
          },
          "type": "Compose",
          "inputs": "<style>\ntable {\n  border: 1px solid #1C6EA4;\n  background-color: #EEEEEE;\n  width: 100%;\n  text-align: left;\n  border-collapse: collapse;\n}\ntable td, table th {\n  border: 1px solid #AAAAAA;\n  padding: 3px 2px;\n}\ntable tbody td {\n  font-size: 13px;\n}\ntable thead {\n  background: #1C6EA4;\n  border-bottom: 2px solid #444444;\n}\ntable thead th {\n  font-size: 15px;\n  font-weight: bold;\n  color: #FFFFFF;\n  border-left: 2px solid #D0E4F5;\n}\ntable thead th:first-child {\n  border-left: none;\n}\n</style>"
        },
        "Send_an_email_notification_(V3)": {
          "runAfter": {
            "Initialize_variable_2": [
              "Succeeded"
            ]
          },
          "metadata": {
            "operationMetadataId": "a649d8e8-0810-4fcc-a912-598c39a1dfbb"
          },
          "type": "OpenApiConnection",
          "inputs": {
            "host": {
              "connectionName": "shared_sendmail",
              "operationId": "SendEmailV3",
              "apiId": "/providers/Microsoft.PowerApps/apis/shared_sendmail"
            },
            "parameters": {
              "request/to": "@{variables('Email')};",
              "request/subject": "New Orders Created Yesterday",
              "request/text": "<p>@{outputs('Table_Style')}@{body('Create_HTML_table')}</p>"
            },
            "authentication": "@parameters('$authentication')"
          }
        },
        "Initialize_variable_2": {
          "runAfter": {
            "Table_Style": [
              "Succeeded"
            ]
          },
          "metadata": {
            "operationMetadataId": "f2aae06a-5b6f-4a09-b800-43237d138033"
          },
          "type": "InitializeVariable",
          "inputs": {
            "variables": [
              {
                "name": "Email",
                "type": "string",
                "value": "Test@gmail.com"
              }
            ]
          }
        }
      }
    },
    "templateName": null
  },
  "schemaVersion": "1.0.0.0"
}